--
-- PostgreSQL database dump
--

-- Dumped from database version 16.1
-- Dumped by pg_dump version 16.1

SET statement_timeout = 0;
SET lock_timeout = 0;
SET idle_in_transaction_session_timeout = 0;
SET client_encoding = 'UTF8';
SET standard_conforming_strings = on;
SELECT pg_catalog.set_config('search_path', '', false);
SET check_function_bodies = false;
SET xmloption = content;
SET client_min_messages = warning;
SET row_security = off;

SET default_tablespace = '';

SET default_table_access_method = heap;

--
-- Name: auth_group; Type: TABLE; Schema: public; Owner: postgres
--

CREATE TABLE public.auth_group (
    id integer NOT NULL,
    name character varying(150) NOT NULL
);


ALTER TABLE public.auth_group OWNER TO postgres;

--
-- Name: auth_group_id_seq; Type: SEQUENCE; Schema: public; Owner: postgres
--

ALTER TABLE public.auth_group ALTER COLUMN id ADD GENERATED BY DEFAULT AS IDENTITY (
    SEQUENCE NAME public.auth_group_id_seq
    START WITH 1
    INCREMENT BY 1
    NO MINVALUE
    NO MAXVALUE
    CACHE 1
);


--
-- Name: auth_group_permissions; Type: TABLE; Schema: public; Owner: postgres
--

CREATE TABLE public.auth_group_permissions (
    id bigint NOT NULL,
    group_id integer NOT NULL,
    permission_id integer NOT NULL
);


ALTER TABLE public.auth_group_permissions OWNER TO postgres;

--
-- Name: auth_group_permissions_id_seq; Type: SEQUENCE; Schema: public; Owner: postgres
--

ALTER TABLE public.auth_group_permissions ALTER COLUMN id ADD GENERATED BY DEFAULT AS IDENTITY (
    SEQUENCE NAME public.auth_group_permissions_id_seq
    START WITH 1
    INCREMENT BY 1
    NO MINVALUE
    NO MAXVALUE
    CACHE 1
);


--
-- Name: auth_permission; Type: TABLE; Schema: public; Owner: postgres
--

CREATE TABLE public.auth_permission (
    id integer NOT NULL,
    name character varying(255) NOT NULL,
    content_type_id integer NOT NULL,
    codename character varying(100) NOT NULL
);


ALTER TABLE public.auth_permission OWNER TO postgres;

--
-- Name: auth_permission_id_seq; Type: SEQUENCE; Schema: public; Owner: postgres
--

ALTER TABLE public.auth_permission ALTER COLUMN id ADD GENERATED BY DEFAULT AS IDENTITY (
    SEQUENCE NAME public.auth_permission_id_seq
    START WITH 1
    INCREMENT BY 1
    NO MINVALUE
    NO MAXVALUE
    CACHE 1
);


--
-- Name: cities_apartment; Type: TABLE; Schema: public; Owner: postgres
--

CREATE TABLE public.cities_apartment (
    id bigint NOT NULL,
    slug character varying(100) NOT NULL,
    name character varying(100) NOT NULL,
    location character varying(100) NOT NULL,
    price integer NOT NULL,
    rooms integer NOT NULL,
    bathrooms integer NOT NULL,
    size integer NOT NULL,
    apartment_images character varying(255)[] NOT NULL,
    zone_id bigint NOT NULL,
    lat character varying(100),
    lon character varying(100)
);


ALTER TABLE public.cities_apartment OWNER TO postgres;

--
-- Name: cities_apartment_id_seq; Type: SEQUENCE; Schema: public; Owner: postgres
--

ALTER TABLE public.cities_apartment ALTER COLUMN id ADD GENERATED BY DEFAULT AS IDENTITY (
    SEQUENCE NAME public.cities_apartment_id_seq
    START WITH 1
    INCREMENT BY 1
    NO MINVALUE
    NO MAXVALUE
    CACHE 1
);


--
-- Name: cities_city; Type: TABLE; Schema: public; Owner: postgres
--

CREATE TABLE public.cities_city (
    id bigint NOT NULL,
    slug character varying(255) NOT NULL,
    name character varying(255) NOT NULL,
    state character varying(255) NOT NULL,
    country character varying(255) NOT NULL,
    image character varying(255) NOT NULL
);


ALTER TABLE public.cities_city OWNER TO postgres;

--
-- Name: cities_city_id_seq; Type: SEQUENCE; Schema: public; Owner: postgres
--

ALTER TABLE public.cities_city ALTER COLUMN id ADD GENERATED BY DEFAULT AS IDENTITY (
    SEQUENCE NAME public.cities_city_id_seq
    START WITH 1
    INCREMENT BY 1
    NO MINVALUE
    NO MAXVALUE
    CACHE 1
);


--
-- Name: cities_zone; Type: TABLE; Schema: public; Owner: postgres
--

CREATE TABLE public.cities_zone (
    id bigint NOT NULL,
    slug character varying(100) NOT NULL,
    name character varying(100) NOT NULL,
    zone_type character varying(100) NOT NULL,
    zone_image character varying(255) NOT NULL,
    city_id bigint NOT NULL
);


ALTER TABLE public.cities_zone OWNER TO postgres;

--
-- Name: cities_zone_id_seq; Type: SEQUENCE; Schema: public; Owner: postgres
--

ALTER TABLE public.cities_zone ALTER COLUMN id ADD GENERATED BY DEFAULT AS IDENTITY (
    SEQUENCE NAME public.cities_zone_id_seq
    START WITH 1
    INCREMENT BY 1
    NO MINVALUE
    NO MAXVALUE
    CACHE 1
);


--
-- Name: django_admin_log; Type: TABLE; Schema: public; Owner: postgres
--

CREATE TABLE public.django_admin_log (
    id integer NOT NULL,
    action_time timestamp with time zone NOT NULL,
    object_id text,
    object_repr character varying(200) NOT NULL,
    action_flag smallint NOT NULL,
    change_message text NOT NULL,
    content_type_id integer,
    user_id bigint NOT NULL,
    CONSTRAINT django_admin_log_action_flag_check CHECK ((action_flag >= 0))
);


ALTER TABLE public.django_admin_log OWNER TO postgres;

--
-- Name: django_admin_log_id_seq; Type: SEQUENCE; Schema: public; Owner: postgres
--

ALTER TABLE public.django_admin_log ALTER COLUMN id ADD GENERATED BY DEFAULT AS IDENTITY (
    SEQUENCE NAME public.django_admin_log_id_seq
    START WITH 1
    INCREMENT BY 1
    NO MINVALUE
    NO MAXVALUE
    CACHE 1
);


--
-- Name: django_content_type; Type: TABLE; Schema: public; Owner: postgres
--

CREATE TABLE public.django_content_type (
    id integer NOT NULL,
    app_label character varying(100) NOT NULL,
    model character varying(100) NOT NULL
);


ALTER TABLE public.django_content_type OWNER TO postgres;

--
-- Name: django_content_type_id_seq; Type: SEQUENCE; Schema: public; Owner: postgres
--

ALTER TABLE public.django_content_type ALTER COLUMN id ADD GENERATED BY DEFAULT AS IDENTITY (
    SEQUENCE NAME public.django_content_type_id_seq
    START WITH 1
    INCREMENT BY 1
    NO MINVALUE
    NO MAXVALUE
    CACHE 1
);


--
-- Name: django_migrations; Type: TABLE; Schema: public; Owner: postgres
--

CREATE TABLE public.django_migrations (
    id bigint NOT NULL,
    app character varying(255) NOT NULL,
    name character varying(255) NOT NULL,
    applied timestamp with time zone NOT NULL
);


ALTER TABLE public.django_migrations OWNER TO postgres;

--
-- Name: django_migrations_id_seq; Type: SEQUENCE; Schema: public; Owner: postgres
--

ALTER TABLE public.django_migrations ALTER COLUMN id ADD GENERATED BY DEFAULT AS IDENTITY (
    SEQUENCE NAME public.django_migrations_id_seq
    START WITH 1
    INCREMENT BY 1
    NO MINVALUE
    NO MAXVALUE
    CACHE 1
);


--
-- Name: django_session; Type: TABLE; Schema: public; Owner: postgres
--

CREATE TABLE public.django_session (
    session_key character varying(40) NOT NULL,
    session_data text NOT NULL,
    expire_date timestamp with time zone NOT NULL
);


ALTER TABLE public.django_session OWNER TO postgres;

--
-- Name: incidents_incidenceapartment; Type: TABLE; Schema: public; Owner: postgres
--

CREATE TABLE public.incidents_incidenceapartment (
    id bigint NOT NULL,
    title character varying(100) NOT NULL,
    status character varying(100) NOT NULL,
    "desc" character varying(300) NOT NULL,
    apartment_id bigint NOT NULL,
    user_id bigint NOT NULL
);


ALTER TABLE public.incidents_incidenceapartment OWNER TO postgres;

--
-- Name: incidents_incidenceapartment_id_seq; Type: SEQUENCE; Schema: public; Owner: postgres
--

ALTER TABLE public.incidents_incidenceapartment ALTER COLUMN id ADD GENERATED BY DEFAULT AS IDENTITY (
    SEQUENCE NAME public.incidents_incidenceapartment_id_seq
    START WITH 1
    INCREMENT BY 1
    NO MINVALUE
    NO MAXVALUE
    CACHE 1
);


--
-- Name: incidents_notification; Type: TABLE; Schema: public; Owner: postgres
--

CREATE TABLE public.incidents_notification (
    id bigint NOT NULL,
    seen boolean NOT NULL,
    "desc" character varying(300) NOT NULL,
    user_id bigint NOT NULL
);


ALTER TABLE public.incidents_notification OWNER TO postgres;

--
-- Name: incidents_notification_id_seq; Type: SEQUENCE; Schema: public; Owner: postgres
--

ALTER TABLE public.incidents_notification ALTER COLUMN id ADD GENERATED BY DEFAULT AS IDENTITY (
    SEQUENCE NAME public.incidents_notification_id_seq
    START WITH 1
    INCREMENT BY 1
    NO MINVALUE
    NO MAXVALUE
    CACHE 1
);


--
-- Name: reservations_reservation; Type: TABLE; Schema: public; Owner: postgres
--

CREATE TABLE public.reservations_reservation (
    id bigint NOT NULL,
    f_ini character varying(100) NOT NULL,
    f_end character varying(100) NOT NULL,
    apartment_id bigint NOT NULL,
    user_id bigint NOT NULL
);


ALTER TABLE public.reservations_reservation OWNER TO postgres;

--
-- Name: reservations_reservation_id_seq; Type: SEQUENCE; Schema: public; Owner: postgres
--

ALTER TABLE public.reservations_reservation ALTER COLUMN id ADD GENERATED BY DEFAULT AS IDENTITY (
    SEQUENCE NAME public.reservations_reservation_id_seq
    START WITH 1
    INCREMENT BY 1
    NO MINVALUE
    NO MAXVALUE
    CACHE 1
);


--
-- Name: users_profile; Type: TABLE; Schema: public; Owner: postgres
--

CREATE TABLE public.users_profile (
    id bigint NOT NULL,
    name character varying(100) NOT NULL,
    surnames character varying(100) NOT NULL,
    image character varying(100) NOT NULL,
    biography character varying(100) NOT NULL,
    user_id bigint NOT NULL
);


ALTER TABLE public.users_profile OWNER TO postgres;

--
-- Name: users_profile_id_seq; Type: SEQUENCE; Schema: public; Owner: postgres
--

ALTER TABLE public.users_profile ALTER COLUMN id ADD GENERATED BY DEFAULT AS IDENTITY (
    SEQUENCE NAME public.users_profile_id_seq
    START WITH 1
    INCREMENT BY 1
    NO MINVALUE
    NO MAXVALUE
    CACHE 1
);


--
-- Name: users_user; Type: TABLE; Schema: public; Owner: postgres
--

CREATE TABLE public.users_user (
    id bigint NOT NULL,
    password character varying(128) NOT NULL,
    last_login timestamp with time zone,
    is_superuser boolean NOT NULL,
    uuid character varying(36) NOT NULL,
    username character varying(30) NOT NULL,
    email character varying(254) NOT NULL,
    type character varying(10) NOT NULL
);


ALTER TABLE public.users_user OWNER TO postgres;

--
-- Name: users_user_groups; Type: TABLE; Schema: public; Owner: postgres
--

CREATE TABLE public.users_user_groups (
    id bigint NOT NULL,
    user_id bigint NOT NULL,
    group_id integer NOT NULL
);


ALTER TABLE public.users_user_groups OWNER TO postgres;

--
-- Name: users_user_groups_id_seq; Type: SEQUENCE; Schema: public; Owner: postgres
--

ALTER TABLE public.users_user_groups ALTER COLUMN id ADD GENERATED BY DEFAULT AS IDENTITY (
    SEQUENCE NAME public.users_user_groups_id_seq
    START WITH 1
    INCREMENT BY 1
    NO MINVALUE
    NO MAXVALUE
    CACHE 1
);


--
-- Name: users_user_id_seq; Type: SEQUENCE; Schema: public; Owner: postgres
--

ALTER TABLE public.users_user ALTER COLUMN id ADD GENERATED BY DEFAULT AS IDENTITY (
    SEQUENCE NAME public.users_user_id_seq
    START WITH 1
    INCREMENT BY 1
    NO MINVALUE
    NO MAXVALUE
    CACHE 1
);


--
-- Name: users_user_user_permissions; Type: TABLE; Schema: public; Owner: postgres
--

CREATE TABLE public.users_user_user_permissions (
    id bigint NOT NULL,
    user_id bigint NOT NULL,
    permission_id integer NOT NULL
);


ALTER TABLE public.users_user_user_permissions OWNER TO postgres;

--
-- Name: users_user_user_permissions_id_seq; Type: SEQUENCE; Schema: public; Owner: postgres
--

ALTER TABLE public.users_user_user_permissions ALTER COLUMN id ADD GENERATED BY DEFAULT AS IDENTITY (
    SEQUENCE NAME public.users_user_user_permissions_id_seq
    START WITH 1
    INCREMENT BY 1
    NO MINVALUE
    NO MAXVALUE
    CACHE 1
);


--
-- Data for Name: auth_group; Type: TABLE DATA; Schema: public; Owner: postgres
--

COPY public.auth_group (id, name) FROM stdin;
\.


--
-- Data for Name: auth_group_permissions; Type: TABLE DATA; Schema: public; Owner: postgres
--

COPY public.auth_group_permissions (id, group_id, permission_id) FROM stdin;
\.


--
-- Data for Name: auth_permission; Type: TABLE DATA; Schema: public; Owner: postgres
--

COPY public.auth_permission (id, name, content_type_id, codename) FROM stdin;
1	Can add log entry	1	add_logentry
2	Can change log entry	1	change_logentry
3	Can delete log entry	1	delete_logentry
4	Can view log entry	1	view_logentry
5	Can add permission	2	add_permission
6	Can change permission	2	change_permission
7	Can delete permission	2	delete_permission
8	Can view permission	2	view_permission
9	Can add group	3	add_group
10	Can change group	3	change_group
11	Can delete group	3	delete_group
12	Can view group	3	view_group
13	Can add content type	4	add_contenttype
14	Can change content type	4	change_contenttype
15	Can delete content type	4	delete_contenttype
16	Can view content type	4	view_contenttype
17	Can add session	5	add_session
18	Can change session	5	change_session
19	Can delete session	5	delete_session
20	Can view session	5	view_session
21	Can add city	6	add_city
22	Can change city	6	change_city
23	Can delete city	6	delete_city
24	Can view city	6	view_city
25	Can add zone	7	add_zone
26	Can change zone	7	change_zone
27	Can delete zone	7	delete_zone
28	Can view zone	7	view_zone
29	Can add apartment	8	add_apartment
30	Can change apartment	8	change_apartment
31	Can delete apartment	8	delete_apartment
32	Can view apartment	8	view_apartment
33	Can add user	9	add_user
34	Can change user	9	change_user
35	Can delete user	9	delete_user
36	Can view user	9	view_user
37	Can add reservation	10	add_reservation
38	Can change reservation	10	change_reservation
39	Can delete reservation	10	delete_reservation
40	Can view reservation	10	view_reservation
41	Can add profile	11	add_profile
42	Can change profile	11	change_profile
43	Can delete profile	11	delete_profile
44	Can view profile	11	view_profile
45	Can add incidence apartment	12	add_incidenceapartment
46	Can change incidence apartment	12	change_incidenceapartment
47	Can delete incidence apartment	12	delete_incidenceapartment
48	Can view incidence apartment	12	view_incidenceapartment
49	Can add notification	13	add_notification
50	Can change notification	13	change_notification
51	Can delete notification	13	delete_notification
52	Can view notification	13	view_notification
\.


--
-- Data for Name: cities_apartment; Type: TABLE DATA; Schema: public; Owner: postgres
--

COPY public.cities_apartment (id, slug, name, location, price, rooms, bathrooms, size, apartment_images, zone_id, lat, lon) FROM stdin;
2	ka0mqt		Calle de Utiel, 3, Benimaclet	560	4	2	140	{https://static.fotocasa.es/images/ads/1a7c1066-3ad7-4e53-b0e2-abbde9fa3927?rule=web_948x542,https://static.fotocasa.es/images/ads/19ffddef-9010-4cf0-b142-3819c1e9a8b4?rule=web_1200x0,https://static.fotocasa.es/images/ads/2457337f-cdbc-454e-8452-7a6b00c520cb?rule=web_1200x0,https://static.fotocasa.es/images/ads/8eb59d63-5a44-4e0a-9fd7-b9261eaa263a?rule=web_1200x0}	1	39.486208936436775	-0.35989101720304817
3	9i8pcd		Correos Kalea, 3, Portugalete	560	4	2	140	{https://static.inmofactory.com/images/inmofactory/documents/1/132510/33494581/639017495.jpg?rule=web_1200x0,https://static.inmofactory.com/images/inmofactory/documents/1/132510/33494581/639017502.jpg?rule=web_1200x0,https://static.inmofactory.com/images/inmofactory/documents/1/132510/33494581/639017507.jpg?rule=web_1200x0,https://static.inmofactory.com/images/inmofactory/documents/1/132510/33494581/639017510.jpg?rule=web_1200x0}	2	43.31968130079426	-3.019092661177243
4	t00o4n		Calle de Valencia, 12, La Salle	1300	5	4	1040	{https://static.fotocasa.es/images/ads/63c79148-3b13-49bd-9bdb-02ad59710c9e?rule=web_1200x0,https://static.fotocasa.es/images/ads/4f6f0bda-b90d-4cf1-ab00-7e868bd4e764?rule=web_1200x0,https://static.fotocasa.es/images/ads/ba7cd7ac-8c6d-48d4-b54f-0a2941d378e6?rule=web_1200x0,https://static.fotocasa.es/images/ads/20aa2fd1-f31b-4fe1-9ce0-7d6fce925ba7?rule=web_1200x0,https://static.fotocasa.es/images/ads/3c27772e-3049-4a4e-809c-fa787fbe6fe8?rule=web_1200x0,https://static.fotocasa.es/images/ads/4862405e-9b00-42bc-be67-2364e1be58a7?rule=web_1200x0,https://static.fotocasa.es/images/ads/af57a657-c2d0-4803-bfa3-20f85f726cc8?rule=web_1200x0}	4	28.461313256203642	-16.256324069865666
5	doelw3		Calle Elvira, 24, Albaicin	950	5	4	170	{https://static.inmofactory.com/images/inmofactory/documents/1/94627/35635041/647876646.jpg?rule=web_1200x0,https://static.inmofactory.com/images/inmofactory/documents/1/94627/35635041/647876670.jpg?rule=web_1200x0,https://static.inmofactory.com/images/inmofactory/documents/1/94627/35635041/647876674.jpg?rule=web_1200x0,https://static.inmofactory.com/images/inmofactory/documents/1/94627/35635041/647876677.jpg?rule=web_1200x0}	3	37.17807764205889	-3.597689746152576
\.


--
-- Data for Name: cities_city; Type: TABLE DATA; Schema: public; Owner: postgres
--

COPY public.cities_city (id, slug, name, state, country, image) FROM stdin;
1	valenciauksnf3	Valencia	Comunidad Valenciana	Espana	https://img.freepik.com/fotos-premium/ciudad-artes-ciencias-valencia-espana_182029-379.jpg?size=626&ext=jpg&ga=GA1.1.699855526.1706632202&semt=sph
2	granadaorhdkq	Granada	Andalucia	Espana	https://img.freepik.com/fotos-premium/alhambra-al-atardecer-granada-andalucia-espana_218319-7373.jpg?size=626&ext=jpg&ga=GA1.1.699855526.1706632202&semt=sph
3	tenerife1f9e5p	Tenerife	Islas Canarias	Espana	https://img.freepik.com/foto-gratis/carretera-rodeada-colinas-cielo-nublado_181624-10742.jpg?size=626&ext=jpg&ga=GA1.1.699855526.1706632202&semt=ais
4	bilbaogw2o9l	Bilbao	Pais Vasco	Espana	https://img.freepik.com/fotos-premium/arquitectura-museo-guggenheim-bilbao-bilbao-pais-vasco-espana-destinos-viaje_73485-5203.jpg?size=626&ext=jpg&ga=GA1.1.699855526.1706632202&semt=sph
\.


--
-- Data for Name: cities_zone; Type: TABLE DATA; Schema: public; Owner: postgres
--

COPY public.cities_zone (id, slug, name, zone_type, zone_image, city_id) FROM stdin;
1	benimacletlifnqn	Benimaclet	Centro Ciudad	https://upload.wikimedia.org/wikipedia/commons/3/3a/Pla%C3%A7a_de_Benimaclet.JPG	1
2	portugaleteoopv81	Portugalete	Costa	https://img.freepik.com/fotos-premium/vista-ciudad-portugalete-junto-al-rio-nervion-basilica-sandra-maria-pais-vasco-espana_189051-692.jpg?size=626&ext=jpg&ga=GA1.1.538549226.1706726558&semt=sph	4
3	albaicin6ar8bg	Albaic├¡n	Rural	https://img.freepik.com/fotos-premium/pintoresco-distrito-albaicin-granada-soleada-tarde-verano-andalucia-espana_1029239-4413.jpg?size=626&ext=jpg&ga=GA1.1.538549226.1706726558&semt=sph	2
4	san-andresle9tv2	San Andres	Costa	https://img.freepik.com/foto-gratis/hermosa-vista-aerea-vista-playa-teresitas-isla-tenerife_181624-39218.jpg	3
\.


--
-- Data for Name: django_admin_log; Type: TABLE DATA; Schema: public; Owner: postgres
--

COPY public.django_admin_log (id, action_time, object_id, object_repr, action_flag, change_message, content_type_id, user_id) FROM stdin;
\.


--
-- Data for Name: django_content_type; Type: TABLE DATA; Schema: public; Owner: postgres
--

COPY public.django_content_type (id, app_label, model) FROM stdin;
1	admin	logentry
2	auth	permission
3	auth	group
4	contenttypes	contenttype
5	sessions	session
6	cities	city
7	cities	zone
8	cities	apartment
9	users	user
10	reservations	reservation
11	users	profile
12	incidents	incidenceapartment
13	incidents	notification
\.


--
-- Data for Name: django_migrations; Type: TABLE DATA; Schema: public; Owner: postgres
--

COPY public.django_migrations (id, app, name, applied) FROM stdin;
1	contenttypes	0001_initial	2024-02-08 18:54:11.078446+01
2	contenttypes	0002_remove_content_type_name	2024-02-08 18:54:11.094003+01
3	auth	0001_initial	2024-02-08 18:54:11.183571+01
4	auth	0002_alter_permission_name_max_length	2024-02-08 18:54:11.194596+01
5	auth	0003_alter_user_email_max_length	2024-02-08 18:54:11.202059+01
6	auth	0004_alter_user_username_opts	2024-02-08 18:54:11.212073+01
7	auth	0005_alter_user_last_login_null	2024-02-08 18:54:11.218876+01
8	auth	0006_require_contenttypes_0002	2024-02-08 18:54:11.223921+01
9	auth	0007_alter_validators_add_error_messages	2024-02-08 18:54:11.233407+01
10	auth	0008_alter_user_username_max_length	2024-02-08 18:54:11.240515+01
11	auth	0009_alter_user_last_name_max_length	2024-02-08 18:54:11.251413+01
12	auth	0010_alter_group_name_max_length	2024-02-08 18:54:11.266691+01
13	auth	0011_update_proxy_permissions	2024-02-08 18:54:11.27487+01
14	auth	0012_alter_user_first_name_max_length	2024-02-08 18:54:11.282398+01
15	users	0001_initial	2024-02-08 18:54:11.345399+01
16	admin	0001_initial	2024-02-08 18:54:11.37039+01
17	admin	0002_logentry_remove_auto_add	2024-02-08 18:54:11.377846+01
18	admin	0003_logentry_add_action_flag_choices	2024-02-08 18:54:11.388422+01
19	cities	0004_initial	2024-02-08 18:54:11.455954+01
20	sessions	0001_initial	2024-02-08 18:54:11.475496+01
21	reservations	0001_initial	2024-02-15 20:40:44.875674+01
22	reservations	0002_alter_reservation_f_end_alter_reservation_f_ini	2024-02-15 21:20:54.616485+01
23	reservations	0006_initial	2024-02-15 21:21:54.231315+01
24	reservations	0007_initial	2024-02-15 21:25:37.454677+01
25	users	0002_profile	2024-02-16 18:44:14.550477+01
26	users	0006_profile	2024-02-16 19:05:59.757071+01
27	incidents	0001_initial	2024-02-19 15:36:25.504293+01
\.


--
-- Data for Name: django_session; Type: TABLE DATA; Schema: public; Owner: postgres
--

COPY public.django_session (session_key, session_data, expire_date) FROM stdin;
\.


--
-- Data for Name: incidents_incidenceapartment; Type: TABLE DATA; Schema: public; Owner: postgres
--

COPY public.incidents_incidenceapartment (id, title, status, "desc", apartment_id, user_id) FROM stdin;
43	Keys	resolved	adfasdfasdf	4	8
44	Heating	in_progress	afdaa	4	8
\.


--
-- Data for Name: incidents_notification; Type: TABLE DATA; Schema: public; Owner: postgres
--

COPY public.incidents_notification (id, seen, "desc", user_id) FROM stdin;
25	f	Your incidence of :  Keys, is resolved. Thank you!	8
26	t	Your incidence of : Heating, is in progress.	8
\.


--
-- Data for Name: reservations_reservation; Type: TABLE DATA; Schema: public; Owner: postgres
--

COPY public.reservations_reservation (id, f_ini, f_end, apartment_id, user_id) FROM stdin;
24	2024/03/19	2024/03/22	4	10
31	2024/03/27	2024/03/29	4	8
\.


--
-- Data for Name: users_profile; Type: TABLE DATA; Schema: public; Owner: postgres
--

COPY public.users_profile (id, name, surnames, image, biography, user_id) FROM stdin;
3	Alberto		https://images.dog.ceo/breeds/bulldog-english/jager-2.jpg	lorem ipsum dolor sit amet, consectetur adipiscing elit. Sed do eiusmod tempor.	8
4	Kiko		https://images.dog.ceo/breeds/bulldog-english/jager-2.jpg	lorem ipsum dolor sit amet, consectetur adipiscing elit. Sed do eiusmod tempor.	9
5	Pablo		https://images.dog.ceo/breeds/bulldog-english/jager-2.jpg	lorem ipsum dolor sit amet, consectetur adipiscing elit. Sed do eiusmod tempor.	10
6	David		https://images.dog.ceo/breeds/bulldog-english/jager-2.jpg	lorem ipsum dolor sit amet, consectetur adipiscing elit. Sed do eiusmod tempor.	11
\.


--
-- Data for Name: users_user; Type: TABLE DATA; Schema: public; Owner: postgres
--

COPY public.users_user (id, password, last_login, is_superuser, uuid, username, email, type) FROM stdin;
3	pbkdf2_sha256$720000$gCRfBo3blnAbEwXljhw3ev$hjCN5k0J1jvU5tKVnAi9SKPKwa2PrvHbuYZRkLkgh08=	\N	f	824b2239-d5ad-7317-e9c8-cc67311c4034	Admin	admin@gmail.com	admin
8	pbkdf2_sha256$720000$BkumhLiNK5zKL4peRgVv5g$kaicnbIIRxm2lSOtW2H/6V12KlyWTDs+ZXP6dqgY3IM=	\N	f	7558e4e9-1478-0d84-bdb7-b9b50ab0c584	Alberto	alberto@gmail.com	client
9	pbkdf2_sha256$720000$3JqiMdKW6ohOoIo9JeMFgd$iZ3wWLmMfhfuPf1U0THWCsdMtol0tqjT5jO3l4kELYo=	\N	f	8e5680c7-f659-5ae6-e747-d26092bac19b	Kiko	kiko@gmail.com	client
10	pbkdf2_sha256$720000$B1Kz3awu8kHjH4kpgzM30C$jurz/LiuhgVA/+vCfEcVosEjs8fKhyVuq5ATpiQmOtw=	\N	f	bb899b9f-4fc7-4596-a654-2ccf863b7a3b	Pablo	a@gmail.com	client
11	pbkdf2_sha256$720000$LfapJTNV5SLYWNUoXWdj0b$qRAb0Jbw/tkl7WvFXAQPCzDlXjuoANwTTn4JHw6y3dU=	\N	f	63a8c1e0-6e45-0a8c-9bdd-54b34e96dac7	David	david@gmail.com	client
\.


--
-- Data for Name: users_user_groups; Type: TABLE DATA; Schema: public; Owner: postgres
--

COPY public.users_user_groups (id, user_id, group_id) FROM stdin;
\.


--
-- Data for Name: users_user_user_permissions; Type: TABLE DATA; Schema: public; Owner: postgres
--

COPY public.users_user_user_permissions (id, user_id, permission_id) FROM stdin;
\.


--
-- Name: auth_group_id_seq; Type: SEQUENCE SET; Schema: public; Owner: postgres
--

SELECT pg_catalog.setval('public.auth_group_id_seq', 1, false);


--
-- Name: auth_group_permissions_id_seq; Type: SEQUENCE SET; Schema: public; Owner: postgres
--

SELECT pg_catalog.setval('public.auth_group_permissions_id_seq', 1, false);


--
-- Name: auth_permission_id_seq; Type: SEQUENCE SET; Schema: public; Owner: postgres
--

SELECT pg_catalog.setval('public.auth_permission_id_seq', 52, true);


--
-- Name: cities_apartment_id_seq; Type: SEQUENCE SET; Schema: public; Owner: postgres
--

SELECT pg_catalog.setval('public.cities_apartment_id_seq', 1, false);


--
-- Name: cities_city_id_seq; Type: SEQUENCE SET; Schema: public; Owner: postgres
--

SELECT pg_catalog.setval('public.cities_city_id_seq', 1, false);


--
-- Name: cities_zone_id_seq; Type: SEQUENCE SET; Schema: public; Owner: postgres
--

SELECT pg_catalog.setval('public.cities_zone_id_seq', 5, true);


--
-- Name: django_admin_log_id_seq; Type: SEQUENCE SET; Schema: public; Owner: postgres
--

SELECT pg_catalog.setval('public.django_admin_log_id_seq', 1, false);


--
-- Name: django_content_type_id_seq; Type: SEQUENCE SET; Schema: public; Owner: postgres
--

SELECT pg_catalog.setval('public.django_content_type_id_seq', 13, true);


--
-- Name: django_migrations_id_seq; Type: SEQUENCE SET; Schema: public; Owner: postgres
--

SELECT pg_catalog.setval('public.django_migrations_id_seq', 27, true);


--
-- Name: incidents_incidenceapartment_id_seq; Type: SEQUENCE SET; Schema: public; Owner: postgres
--

SELECT pg_catalog.setval('public.incidents_incidenceapartment_id_seq', 44, true);


--
-- Name: incidents_notification_id_seq; Type: SEQUENCE SET; Schema: public; Owner: postgres
--

SELECT pg_catalog.setval('public.incidents_notification_id_seq', 26, true);


--
-- Name: reservations_reservation_id_seq; Type: SEQUENCE SET; Schema: public; Owner: postgres
--

SELECT pg_catalog.setval('public.reservations_reservation_id_seq', 31, true);


--
-- Name: users_profile_id_seq; Type: SEQUENCE SET; Schema: public; Owner: postgres
--

SELECT pg_catalog.setval('public.users_profile_id_seq', 6, true);


--
-- Name: users_user_groups_id_seq; Type: SEQUENCE SET; Schema: public; Owner: postgres
--

SELECT pg_catalog.setval('public.users_user_groups_id_seq', 1, false);


--
-- Name: users_user_id_seq; Type: SEQUENCE SET; Schema: public; Owner: postgres
--

SELECT pg_catalog.setval('public.users_user_id_seq', 11, true);


--
-- Name: users_user_user_permissions_id_seq; Type: SEQUENCE SET; Schema: public; Owner: postgres
--

SELECT pg_catalog.setval('public.users_user_user_permissions_id_seq', 1, false);


--
-- Name: auth_group auth_group_name_key; Type: CONSTRAINT; Schema: public; Owner: postgres
--

ALTER TABLE ONLY public.auth_group
    ADD CONSTRAINT auth_group_name_key UNIQUE (name);


--
-- Name: auth_group_permissions auth_group_permissions_group_id_permission_id_0cd325b0_uniq; Type: CONSTRAINT; Schema: public; Owner: postgres
--

ALTER TABLE ONLY public.auth_group_permissions
    ADD CONSTRAINT auth_group_permissions_group_id_permission_id_0cd325b0_uniq UNIQUE (group_id, permission_id);


--
-- Name: auth_group_permissions auth_group_permissions_pkey; Type: CONSTRAINT; Schema: public; Owner: postgres
--

ALTER TABLE ONLY public.auth_group_permissions
    ADD CONSTRAINT auth_group_permissions_pkey PRIMARY KEY (id);


--
-- Name: auth_group auth_group_pkey; Type: CONSTRAINT; Schema: public; Owner: postgres
--

ALTER TABLE ONLY public.auth_group
    ADD CONSTRAINT auth_group_pkey PRIMARY KEY (id);


--
-- Name: auth_permission auth_permission_content_type_id_codename_01ab375a_uniq; Type: CONSTRAINT; Schema: public; Owner: postgres
--

ALTER TABLE ONLY public.auth_permission
    ADD CONSTRAINT auth_permission_content_type_id_codename_01ab375a_uniq UNIQUE (content_type_id, codename);


--
-- Name: auth_permission auth_permission_pkey; Type: CONSTRAINT; Schema: public; Owner: postgres
--

ALTER TABLE ONLY public.auth_permission
    ADD CONSTRAINT auth_permission_pkey PRIMARY KEY (id);


--
-- Name: cities_apartment cities_apartment_pkey; Type: CONSTRAINT; Schema: public; Owner: postgres
--

ALTER TABLE ONLY public.cities_apartment
    ADD CONSTRAINT cities_apartment_pkey PRIMARY KEY (id);


--
-- Name: cities_city cities_city_pkey; Type: CONSTRAINT; Schema: public; Owner: postgres
--

ALTER TABLE ONLY public.cities_city
    ADD CONSTRAINT cities_city_pkey PRIMARY KEY (id);


--
-- Name: cities_city cities_city_slug_key; Type: CONSTRAINT; Schema: public; Owner: postgres
--

ALTER TABLE ONLY public.cities_city
    ADD CONSTRAINT cities_city_slug_key UNIQUE (slug);


--
-- Name: cities_zone cities_zone_pkey; Type: CONSTRAINT; Schema: public; Owner: postgres
--

ALTER TABLE ONLY public.cities_zone
    ADD CONSTRAINT cities_zone_pkey PRIMARY KEY (id);


--
-- Name: django_admin_log django_admin_log_pkey; Type: CONSTRAINT; Schema: public; Owner: postgres
--

ALTER TABLE ONLY public.django_admin_log
    ADD CONSTRAINT django_admin_log_pkey PRIMARY KEY (id);


--
-- Name: django_content_type django_content_type_app_label_model_76bd3d3b_uniq; Type: CONSTRAINT; Schema: public; Owner: postgres
--

ALTER TABLE ONLY public.django_content_type
    ADD CONSTRAINT django_content_type_app_label_model_76bd3d3b_uniq UNIQUE (app_label, model);


--
-- Name: django_content_type django_content_type_pkey; Type: CONSTRAINT; Schema: public; Owner: postgres
--

ALTER TABLE ONLY public.django_content_type
    ADD CONSTRAINT django_content_type_pkey PRIMARY KEY (id);


--
-- Name: django_migrations django_migrations_pkey; Type: CONSTRAINT; Schema: public; Owner: postgres
--

ALTER TABLE ONLY public.django_migrations
    ADD CONSTRAINT django_migrations_pkey PRIMARY KEY (id);


--
-- Name: django_session django_session_pkey; Type: CONSTRAINT; Schema: public; Owner: postgres
--

ALTER TABLE ONLY public.django_session
    ADD CONSTRAINT django_session_pkey PRIMARY KEY (session_key);


--
-- Name: incidents_incidenceapartment incidents_incidenceapartment_pkey; Type: CONSTRAINT; Schema: public; Owner: postgres
--

ALTER TABLE ONLY public.incidents_incidenceapartment
    ADD CONSTRAINT incidents_incidenceapartment_pkey PRIMARY KEY (id);


--
-- Name: incidents_notification incidents_notification_pkey; Type: CONSTRAINT; Schema: public; Owner: postgres
--

ALTER TABLE ONLY public.incidents_notification
    ADD CONSTRAINT incidents_notification_pkey PRIMARY KEY (id);


--
-- Name: reservations_reservation reservations_reservation_pkey; Type: CONSTRAINT; Schema: public; Owner: postgres
--

ALTER TABLE ONLY public.reservations_reservation
    ADD CONSTRAINT reservations_reservation_pkey PRIMARY KEY (id);


--
-- Name: users_profile users_profile_pkey; Type: CONSTRAINT; Schema: public; Owner: postgres
--

ALTER TABLE ONLY public.users_profile
    ADD CONSTRAINT users_profile_pkey PRIMARY KEY (id);


--
-- Name: users_user users_user_email_key; Type: CONSTRAINT; Schema: public; Owner: postgres
--

ALTER TABLE ONLY public.users_user
    ADD CONSTRAINT users_user_email_key UNIQUE (email);


--
-- Name: users_user_groups users_user_groups_pkey; Type: CONSTRAINT; Schema: public; Owner: postgres
--

ALTER TABLE ONLY public.users_user_groups
    ADD CONSTRAINT users_user_groups_pkey PRIMARY KEY (id);


--
-- Name: users_user_groups users_user_groups_user_id_group_id_b88eab82_uniq; Type: CONSTRAINT; Schema: public; Owner: postgres
--

ALTER TABLE ONLY public.users_user_groups
    ADD CONSTRAINT users_user_groups_user_id_group_id_b88eab82_uniq UNIQUE (user_id, group_id);


--
-- Name: users_user users_user_pkey; Type: CONSTRAINT; Schema: public; Owner: postgres
--

ALTER TABLE ONLY public.users_user
    ADD CONSTRAINT users_user_pkey PRIMARY KEY (id);


--
-- Name: users_user_user_permissions users_user_user_permissions_pkey; Type: CONSTRAINT; Schema: public; Owner: postgres
--

ALTER TABLE ONLY public.users_user_user_permissions
    ADD CONSTRAINT users_user_user_permissions_pkey PRIMARY KEY (id);


--
-- Name: users_user_user_permissions users_user_user_permissions_user_id_permission_id_43338c45_uniq; Type: CONSTRAINT; Schema: public; Owner: postgres
--

ALTER TABLE ONLY public.users_user_user_permissions
    ADD CONSTRAINT users_user_user_permissions_user_id_permission_id_43338c45_uniq UNIQUE (user_id, permission_id);


--
-- Name: users_user users_user_username_key; Type: CONSTRAINT; Schema: public; Owner: postgres
--

ALTER TABLE ONLY public.users_user
    ADD CONSTRAINT users_user_username_key UNIQUE (username);


--
-- Name: users_user users_user_uuid_key; Type: CONSTRAINT; Schema: public; Owner: postgres
--

ALTER TABLE ONLY public.users_user
    ADD CONSTRAINT users_user_uuid_key UNIQUE (uuid);


--
-- Name: auth_group_name_a6ea08ec_like; Type: INDEX; Schema: public; Owner: postgres
--

CREATE INDEX auth_group_name_a6ea08ec_like ON public.auth_group USING btree (name varchar_pattern_ops);


--
-- Name: auth_group_permissions_group_id_b120cbf9; Type: INDEX; Schema: public; Owner: postgres
--

CREATE INDEX auth_group_permissions_group_id_b120cbf9 ON public.auth_group_permissions USING btree (group_id);


--
-- Name: auth_group_permissions_permission_id_84c5c92e; Type: INDEX; Schema: public; Owner: postgres
--

CREATE INDEX auth_group_permissions_permission_id_84c5c92e ON public.auth_group_permissions USING btree (permission_id);


--
-- Name: auth_permission_content_type_id_2f476e4b; Type: INDEX; Schema: public; Owner: postgres
--

CREATE INDEX auth_permission_content_type_id_2f476e4b ON public.auth_permission USING btree (content_type_id);


--
-- Name: cities_apartment_zone_id_8715de45; Type: INDEX; Schema: public; Owner: postgres
--

CREATE INDEX cities_apartment_zone_id_8715de45 ON public.cities_apartment USING btree (zone_id);


--
-- Name: cities_city_slug_63eda70c_like; Type: INDEX; Schema: public; Owner: postgres
--

CREATE INDEX cities_city_slug_63eda70c_like ON public.cities_city USING btree (slug varchar_pattern_ops);


--
-- Name: cities_zone_city_id_4761967c; Type: INDEX; Schema: public; Owner: postgres
--

CREATE INDEX cities_zone_city_id_4761967c ON public.cities_zone USING btree (city_id);


--
-- Name: django_admin_log_content_type_id_c4bce8eb; Type: INDEX; Schema: public; Owner: postgres
--

CREATE INDEX django_admin_log_content_type_id_c4bce8eb ON public.django_admin_log USING btree (content_type_id);


--
-- Name: django_admin_log_user_id_c564eba6; Type: INDEX; Schema: public; Owner: postgres
--

CREATE INDEX django_admin_log_user_id_c564eba6 ON public.django_admin_log USING btree (user_id);


--
-- Name: django_session_expire_date_a5c62663; Type: INDEX; Schema: public; Owner: postgres
--

CREATE INDEX django_session_expire_date_a5c62663 ON public.django_session USING btree (expire_date);


--
-- Name: django_session_session_key_c0390e0f_like; Type: INDEX; Schema: public; Owner: postgres
--

CREATE INDEX django_session_session_key_c0390e0f_like ON public.django_session USING btree (session_key varchar_pattern_ops);


--
-- Name: incidents_incidenceapartment_apartment_id_e3ce5bef; Type: INDEX; Schema: public; Owner: postgres
--

CREATE INDEX incidents_incidenceapartment_apartment_id_e3ce5bef ON public.incidents_incidenceapartment USING btree (apartment_id);


--
-- Name: incidents_incidenceapartment_user_id_f34077be; Type: INDEX; Schema: public; Owner: postgres
--

CREATE INDEX incidents_incidenceapartment_user_id_f34077be ON public.incidents_incidenceapartment USING btree (user_id);


--
-- Name: incidents_notification_user_id_640b50dc; Type: INDEX; Schema: public; Owner: postgres
--

CREATE INDEX incidents_notification_user_id_640b50dc ON public.incidents_notification USING btree (user_id);


--
-- Name: reservations_reservation_apartment_id_01c9afe6; Type: INDEX; Schema: public; Owner: postgres
--

CREATE INDEX reservations_reservation_apartment_id_01c9afe6 ON public.reservations_reservation USING btree (apartment_id);


--
-- Name: reservations_reservation_user_id_6ed5b1c9; Type: INDEX; Schema: public; Owner: postgres
--

CREATE INDEX reservations_reservation_user_id_6ed5b1c9 ON public.reservations_reservation USING btree (user_id);


--
-- Name: users_profile_user_id_2112e78d; Type: INDEX; Schema: public; Owner: postgres
--

CREATE INDEX users_profile_user_id_2112e78d ON public.users_profile USING btree (user_id);


--
-- Name: users_user_email_243f6e77_like; Type: INDEX; Schema: public; Owner: postgres
--

CREATE INDEX users_user_email_243f6e77_like ON public.users_user USING btree (email varchar_pattern_ops);


--
-- Name: users_user_groups_group_id_9afc8d0e; Type: INDEX; Schema: public; Owner: postgres
--

CREATE INDEX users_user_groups_group_id_9afc8d0e ON public.users_user_groups USING btree (group_id);


--
-- Name: users_user_groups_user_id_5f6f5a90; Type: INDEX; Schema: public; Owner: postgres
--

CREATE INDEX users_user_groups_user_id_5f6f5a90 ON public.users_user_groups USING btree (user_id);


--
-- Name: users_user_user_permissions_permission_id_0b93982e; Type: INDEX; Schema: public; Owner: postgres
--

CREATE INDEX users_user_user_permissions_permission_id_0b93982e ON public.users_user_user_permissions USING btree (permission_id);


--
-- Name: users_user_user_permissions_user_id_20aca447; Type: INDEX; Schema: public; Owner: postgres
--

CREATE INDEX users_user_user_permissions_user_id_20aca447 ON public.users_user_user_permissions USING btree (user_id);


--
-- Name: users_user_username_06e46fe6_like; Type: INDEX; Schema: public; Owner: postgres
--

CREATE INDEX users_user_username_06e46fe6_like ON public.users_user USING btree (username varchar_pattern_ops);


--
-- Name: users_user_uuid_6fe513d7_like; Type: INDEX; Schema: public; Owner: postgres
--

CREATE INDEX users_user_uuid_6fe513d7_like ON public.users_user USING btree (uuid varchar_pattern_ops);


--
-- Name: auth_group_permissions auth_group_permissio_permission_id_84c5c92e_fk_auth_perm; Type: FK CONSTRAINT; Schema: public; Owner: postgres
--

ALTER TABLE ONLY public.auth_group_permissions
    ADD CONSTRAINT auth_group_permissio_permission_id_84c5c92e_fk_auth_perm FOREIGN KEY (permission_id) REFERENCES public.auth_permission(id) DEFERRABLE INITIALLY DEFERRED;


--
-- Name: auth_group_permissions auth_group_permissions_group_id_b120cbf9_fk_auth_group_id; Type: FK CONSTRAINT; Schema: public; Owner: postgres
--

ALTER TABLE ONLY public.auth_group_permissions
    ADD CONSTRAINT auth_group_permissions_group_id_b120cbf9_fk_auth_group_id FOREIGN KEY (group_id) REFERENCES public.auth_group(id) DEFERRABLE INITIALLY DEFERRED;


--
-- Name: auth_permission auth_permission_content_type_id_2f476e4b_fk_django_co; Type: FK CONSTRAINT; Schema: public; Owner: postgres
--

ALTER TABLE ONLY public.auth_permission
    ADD CONSTRAINT auth_permission_content_type_id_2f476e4b_fk_django_co FOREIGN KEY (content_type_id) REFERENCES public.django_content_type(id) DEFERRABLE INITIALLY DEFERRED;


--
-- Name: cities_apartment cities_apartment_zone_id_8715de45_fk_cities_zone_id; Type: FK CONSTRAINT; Schema: public; Owner: postgres
--

ALTER TABLE ONLY public.cities_apartment
    ADD CONSTRAINT cities_apartment_zone_id_8715de45_fk_cities_zone_id FOREIGN KEY (zone_id) REFERENCES public.cities_zone(id) DEFERRABLE INITIALLY DEFERRED;


--
-- Name: cities_zone cities_zone_city_id_4761967c_fk_cities_city_id; Type: FK CONSTRAINT; Schema: public; Owner: postgres
--

ALTER TABLE ONLY public.cities_zone
    ADD CONSTRAINT cities_zone_city_id_4761967c_fk_cities_city_id FOREIGN KEY (city_id) REFERENCES public.cities_city(id) DEFERRABLE INITIALLY DEFERRED;


--
-- Name: django_admin_log django_admin_log_content_type_id_c4bce8eb_fk_django_co; Type: FK CONSTRAINT; Schema: public; Owner: postgres
--

ALTER TABLE ONLY public.django_admin_log
    ADD CONSTRAINT django_admin_log_content_type_id_c4bce8eb_fk_django_co FOREIGN KEY (content_type_id) REFERENCES public.django_content_type(id) DEFERRABLE INITIALLY DEFERRED;


--
-- Name: django_admin_log django_admin_log_user_id_c564eba6_fk_users_user_id; Type: FK CONSTRAINT; Schema: public; Owner: postgres
--

ALTER TABLE ONLY public.django_admin_log
    ADD CONSTRAINT django_admin_log_user_id_c564eba6_fk_users_user_id FOREIGN KEY (user_id) REFERENCES public.users_user(id) DEFERRABLE INITIALLY DEFERRED;


--
-- Name: incidents_incidenceapartment incidents_incidencea_apartment_id_e3ce5bef_fk_cities_ap; Type: FK CONSTRAINT; Schema: public; Owner: postgres
--

ALTER TABLE ONLY public.incidents_incidenceapartment
    ADD CONSTRAINT incidents_incidencea_apartment_id_e3ce5bef_fk_cities_ap FOREIGN KEY (apartment_id) REFERENCES public.cities_apartment(id) DEFERRABLE INITIALLY DEFERRED;


--
-- Name: incidents_incidenceapartment incidents_incidenceapartment_user_id_f34077be_fk_users_user_id; Type: FK CONSTRAINT; Schema: public; Owner: postgres
--

ALTER TABLE ONLY public.incidents_incidenceapartment
    ADD CONSTRAINT incidents_incidenceapartment_user_id_f34077be_fk_users_user_id FOREIGN KEY (user_id) REFERENCES public.users_user(id) DEFERRABLE INITIALLY DEFERRED;


--
-- Name: incidents_notification incidents_notification_user_id_640b50dc_fk_users_user_id; Type: FK CONSTRAINT; Schema: public; Owner: postgres
--

ALTER TABLE ONLY public.incidents_notification
    ADD CONSTRAINT incidents_notification_user_id_640b50dc_fk_users_user_id FOREIGN KEY (user_id) REFERENCES public.users_user(id) DEFERRABLE INITIALLY DEFERRED;


--
-- Name: reservations_reservation reservations_reserva_apartment_id_01c9afe6_fk_cities_ap; Type: FK CONSTRAINT; Schema: public; Owner: postgres
--

ALTER TABLE ONLY public.reservations_reservation
    ADD CONSTRAINT reservations_reserva_apartment_id_01c9afe6_fk_cities_ap FOREIGN KEY (apartment_id) REFERENCES public.cities_apartment(id) DEFERRABLE INITIALLY DEFERRED;


--
-- Name: reservations_reservation reservations_reservation_user_id_6ed5b1c9_fk_users_user_id; Type: FK CONSTRAINT; Schema: public; Owner: postgres
--

ALTER TABLE ONLY public.reservations_reservation
    ADD CONSTRAINT reservations_reservation_user_id_6ed5b1c9_fk_users_user_id FOREIGN KEY (user_id) REFERENCES public.users_user(id) DEFERRABLE INITIALLY DEFERRED;


--
-- Name: users_profile users_profile_user_id_2112e78d_fk_users_user_id; Type: FK CONSTRAINT; Schema: public; Owner: postgres
--

ALTER TABLE ONLY public.users_profile
    ADD CONSTRAINT users_profile_user_id_2112e78d_fk_users_user_id FOREIGN KEY (user_id) REFERENCES public.users_user(id) DEFERRABLE INITIALLY DEFERRED;


--
-- Name: users_user_groups users_user_groups_group_id_9afc8d0e_fk_auth_group_id; Type: FK CONSTRAINT; Schema: public; Owner: postgres
--

ALTER TABLE ONLY public.users_user_groups
    ADD CONSTRAINT users_user_groups_group_id_9afc8d0e_fk_auth_group_id FOREIGN KEY (group_id) REFERENCES public.auth_group(id) DEFERRABLE INITIALLY DEFERRED;


--
-- Name: users_user_groups users_user_groups_user_id_5f6f5a90_fk_users_user_id; Type: FK CONSTRAINT; Schema: public; Owner: postgres
--

ALTER TABLE ONLY public.users_user_groups
    ADD CONSTRAINT users_user_groups_user_id_5f6f5a90_fk_users_user_id FOREIGN KEY (user_id) REFERENCES public.users_user(id) DEFERRABLE INITIALLY DEFERRED;


--
-- Name: users_user_user_permissions users_user_user_perm_permission_id_0b93982e_fk_auth_perm; Type: FK CONSTRAINT; Schema: public; Owner: postgres
--

ALTER TABLE ONLY public.users_user_user_permissions
    ADD CONSTRAINT users_user_user_perm_permission_id_0b93982e_fk_auth_perm FOREIGN KEY (permission_id) REFERENCES public.auth_permission(id) DEFERRABLE INITIALLY DEFERRED;


--
-- Name: users_user_user_permissions users_user_user_permissions_user_id_20aca447_fk_users_user_id; Type: FK CONSTRAINT; Schema: public; Owner: postgres
--

ALTER TABLE ONLY public.users_user_user_permissions
    ADD CONSTRAINT users_user_user_permissions_user_id_20aca447_fk_users_user_id FOREIGN KEY (user_id) REFERENCES public.users_user(id) DEFERRABLE INITIALLY DEFERRED;


--
-- PostgreSQL database dump complete
--

